"title","zip_code","address","station_type","station","area","contract","date","direction","floor","points","price","admin","maintainance","methods","dis","deposit","key","renewal"
"レジディア今出川","602-0931","京都府京都市上京区堀出シ町","京都市営バス","今出川新町",22.2,2,"1999年03月","東、西
",7,"同志社大（今出川）徒歩5分
コンビニ徒歩3分
スーパー徒歩2分
",5.5,NA,6500,"徒歩",1,8,NA,6
"KTマンション","602-0032","京都府京都市上京区岡松町","京都市営烏丸線","今出川",15.1,2,"1984年03月","南、西、北
",3,"駅徒歩1分
光ネット無料
生活便利
",3.9,4500,NA,"徒歩",1,0,5,3.9
"築山マンション","602-0034","京都府京都市上京区築山南半町","京都市営烏丸線","今出川",16,1,"1987年01月","東
",3,"地下鉄烏丸線「今出川」駅徒歩4分
同志社大生にオススメ
家賃リーズナブル
",3.8,5500,NA,"徒歩",4,5,5,1.1
"大樋ハイツ","602-0031","京都府京都市上京区裏築地町93番4","京都市営烏丸線","今出川",15,1,"1980年03月","西
",3,"地下鉄「今出川」駅徒歩3分
同志社大生にオススメ
家賃リーズナブル
",2.6,4000,NA,"徒歩",3,4,2,0
"グリーンヒル上立売","602-0022","京都府京都市上京区上立売東町34-1","京都市営烏丸線","今出川",21,1,"1994年03月","東
",4,"駅近
独立洗面化粧台
コンビニ徒歩圏内
",5,2500,NA,"徒歩",4,0,8,0
"メゾン・ド・リュート","602-0931","京都府京都市上京区堀出シ町","京都市営烏丸線","今出川",20.8,2,"1987年08月","北
",10,"駅徒歩3分
地下鉄「今出川」駅徒歩3分
周辺環境充実
",4,5000,NA,"徒歩",4,6,0,0
"ラナップスクエア京都北野","602-8374","京都府京都市上京区西町","京福電気鉄道北野線","北野白梅町",20.3,2,"2000年08月","南東
",7,"駅徒歩1分
スーパー徒歩2分
コンビニ徒歩4分
",5.7,6900,NA,"徒歩",1,3,7,0
"第11長栄シャトー泉","602-0024","京都府京都市上京区上立売町","京都市営烏丸線","今出川",16,2,"1983年09月","北、南
",3,"交通便利
広々キッチン
生活便利
",3.5,3000,2000,"徒歩",6,3.9,3.9,3.6
"ピラーズ御所西","602-0907","京都府京都市上京区福長町532-2","京都市営烏丸線","今出川",23,2,"1997年03月","南
",4,"防犯カメラ
同志社大徒歩6分
室内洗濯機置場
",5,4000,2000,"徒歩",5,5,5,5
"デ・リード御所西","602-0941","京都府京都市上京区南兼康町341-2","京都市営烏丸線","今出川",58.6,2,"1994年10月","南
",11,"オートロック
エレベータ
3LDKタイプ
",14,NA,NA,"徒歩",6,0,0,14.5
"新町シャルム春奈","602-0024","京都府京都市上京区上立売町室町西入裏風呂町","京都市営烏丸線","今出川",20.8,2,"1989年10月","北
",3,"コインランドリー
地下鉄「今出川」駅へ徒歩7分
防犯カメラ
",3.9,3000,2000,"徒歩",8,0,3.9,3.9
"グリーンヒル塔ノ段","602-0817","京都府京都市上京区毘沙門横町371-1","京都市営烏丸線","今出川",22,1,"1993年12月","東、南
",4,"コンビニ徒歩圏内
商店街があり生活便利
鴨川で四季を感じられる
",5.2,3800,NA,"徒歩",13,0,8,0
"コスモハイツ今出川","602-0939","京都府京都市上京区弁財天町","京都市営烏丸線","今出川",23,1,"1994年03月","東
",4,"広々9.0帖
駅徒歩5分
交通便利
",5.3,2500,NA,"徒歩",6,0,5.3,0
"クレアーレ武者小路","602-0936","京都府京都市上京区西無車小路町597","京都市営烏丸線","今出川",24.6,2,"1998年10月","南
",5,"広々居室
カードキー
コンビニ徒歩圏内
",5.5,5000,NA,"徒歩",7,5,10,5.5
"アルカディア塔の段","602-0804","京都府京都市上京区上片原町390","京都市営烏丸線","今出川",15.1,2,"1991年05月","東、西
",3,"家賃リーズナブル
光ネット
買物便利
",3.5,4000,NA,"徒歩",14,0,0,3.5
"新町館","602-0026","京都府京都市上京区古木町413番地","京都市営烏丸線","今出川",29.2,1,"2011年03月","西、南
",4,"カメラ付フロントオートロック・防犯カメラ完備！
全室１０帖以上でお部屋広々♪
2017.6月温水洗浄便座新調！！
",5.9,7000,NA,"徒歩",9,7,0,0
"コーポルマン","602-0051","京都府京都市上京区御三軒町53","京都市営烏丸線","今出川",16.6,2,"1989年03月","東
",4,"交通便利
買物便利
生活便利
",3.7,5000,2000,"徒歩",9,5,0,3
"グランコスモ御所東","602-0832","京都府京都市上京区大原口町216-20","京阪本線","出町柳",25,2,"2002年01月","南
",5,"駅近
オートロック
セパレート
",6.3,3500,NA,"徒歩",7,0,12.6,0
"エガールパレス","602-0053","京都府京都市上京区中小川町","京都市営烏丸線","今出川",22,2,"1999年03月","東
",4,"同志社大生オススメ
スーパー徒歩3分
オール電化
",5,4000,NA,"徒歩",7,5,10,0
"シルクピア五匠","602-0052","京都府京都市上京区上小川町","京都市営バス","堀川今出川",27.4,1,"2011年01月","西、東
",4,"防犯カメラ
独立洗面台あり
洗濯機室内設置可
",6,6000,NA,"徒歩",5,7,6,0
"柊マンション","602-0004","京都府京都市上京区道正町459","京都市営烏丸線","今出川",20.2,1,"1979年03月","東
",3,"コインランドリーも屋上に完備！
１階には専門庭あり（洗濯機設置可能）
閑静な住宅街で落ち着いた生活送れます！
",3.2,6300,NA,"徒歩",7,8,NA,3
"御所北エクセル三宅","602-0891","京都府京都市上京区上御霊馬場町366-1","京都市営烏丸線","鞍馬口",36.3,2,"2005年03月","南
",5,"コンビニ徒歩5分
コンビニ徒歩5分
独立洗面化粧台
",6.2,6000,NA,"徒歩",5,6.2,15,6.2
"グランコスモ御所","602-0825","京都府京都市上京区表町","京阪本線","出町柳",29.4,2,"2010年01月","東
",4,"駅徒歩4分
ネット無料
床暖房
",7.9,2500,NA,"徒歩",4,0,8,10
"デトム・ワン鴨川","602-0802","京都府京都市上京区鶴山町","京都市営烏丸線","鞍馬口",17.5,2,"1986年01月","北東
",4,"京阪・地下鉄徒歩圏内で交通便利
銀行・郵便局も徒歩圏内
生活便利
",3.3,6000,NA,"徒歩",8,2,5,0
"メゾンカミゴリョー","602-0895","京都府京都市上京区上御霊前町401番地","京都市営烏丸線","鞍馬口",18.2,2,"1983年08月","西
",5,"敷金なし
ネット対応
IHキッチン
",3.7,NA,NA,"徒歩",4,0,0,0
"シリウス星の子","602-0054","京都府京都市上京区飛鳥井町２６３","京都市営烏丸線","今出川",18,2,"1995年01月","北
",11,"コンビニ徒歩圏内
同志社大徒歩圏内
洗濯機置場あり
",3.5,5000,NA,"徒歩",8,0,3,7
"グランコスモ今出川","602-0824","京都府京都市上京区一真町","京阪本線","出町柳",20,2,"2009年03月","東
",4,"交通便利
買物便利
生活便利
",7,3500,NA,"徒歩",4,0,14,0
"PIER西洞院","602-0922","京都府京都市上京区讃州寺町","京都市営烏丸線","今出川",20,2,"1988年02月","東
",3,"礼金・敷金なし
「今出川」駅徒歩4分
家賃リーズナブル
",3.5,4000,NA,"徒歩",10,0,0,1.1
"アビタシオン鴨川","602-0802","京都府京都市上京区鶴山町1","京都市営烏丸線","鞍馬口",33.2,2,"1991年03月","東
",4,"居室広々2路線利用可
広々居室
独立洗面化粧台
",4,5000,NA,"徒歩",12,5,10,4
"ハウスセゾン今出川河原町","602-0824","京都府京都市上京区一真町93","京阪本線","出町柳",26.3,2,"2003年03月","北
",11,"セパレート
オートロック
オール電化
",6,7000,NA,"徒歩",6,8,7,6
"プラネシア星の子京都御所","602-0956","京都府京都市上京区西町457","京都市営烏丸線","今出川",27.2,2,"2005年11月","南
",7,"セキュリティ充実
駅徒歩圏内
更新料なしプランあり
",5.2,6000,NA,"徒歩",11,0,12,5.2
"元土御門","602-8006","京都府京都市上京区元土御門町522","京都市営烏丸線","今出川",22.9,2,"1997年11月","北
",5,"ネット無料
セキュリティ充実
居室8帖以上
",5.7,7000,NA,"徒歩",12,5,5,5.7
"コスモハイツ新町Ⅱ","602-0003","京都府京都市上京区大心院町7","京都市営烏丸線","鞍馬口",22,1,"1991年10月","東、西
",3,"買物便利
生活便利
広々キッチン
",4.4,2500,NA,"徒歩",9,0,4.4,4.6
"プログレスふなはし","602-0056","京都府京都市上京区北舟橋町854","京都市営烏丸線","今出川",32.9,2,"2002年04月","東
",6,"ネット無料
広々居室
浴室乾燥機
",6,7000,NA,"徒歩",11,6,9,6
"コスモハイツ上御霊","602-0003","京都府京都市上京区大心院町","京都市営烏丸線","鞍馬口",16,1,"1991年03月","東
",2,"同志社大（今出川）徒歩10分
閑静な住宅地
地下鉄徒歩圏内
",2.6,2500,NA,"徒歩",8,0,2.6,0
"グランコスモ鴨川","602-0822","京都府京都市上京区青龍町218","京阪本線","出町柳",25,1,"1999年03月","東、西
",10,"同志社・同女大近
コンビニ徒歩圏内
スーパー徒歩圏内
",6.1,2500,NA,"徒歩",7,0,6.1,6.1
"京卓ハイツ","602-0842","京都府京都市上京区栄町","京阪本線","出町柳",18.2,2,"1995年04月","南、北
",5,"バス停徒歩1分
セパレート
生活便利
",5.2,5000,NA,"徒歩",8,7,5,5.2
"ハウスセゾンビル","602-8202","京都府京都市上京区栄町364","京阪本線","出町柳",23,2,"1988年12月","東、西
",8,"2F管理会社
バス停徒歩1分
光ネット
",4.3,5000,NA,"徒歩",6,7,3,4.3
"ドーミー鴨川公園","603-8135","京都府京都市北区出雲路俵町","京都市営烏丸線","鞍馬口",15.9,1,"2011年04月","東
",3,"静かな環境
女子専用
京阪線、地下鉄の2WAYアクセス
",6.25,NA,NA,"徒歩",12,0,NA,0
"エクレール葵","602-0822","京都府京都市上京区青龍町209","京都市営バス","葵橋西詰",24.5,2,"1995年01月","東
",5,"オートロック
京阪徒歩圏内で移動も楽々
郵便局・銀行徒歩圏内
",4.8,6000,NA,"徒歩",1,5,5,4.8
"ISEHAN21","602-0822","京都府京都市上京区青龍町242","京都市営バス","河原町今出川",20.4,2,"1997年03月","西
",6,"リーズナブルなセパレート
インターネット無料！
コンビニはモチロン大型スーパーもスグ近くです。
",5,6000,NA,"徒歩",5,7,10,5
"ペルベーネタカラ","602-8422","京都府京都市上京区山名町800番1","京都市営烏丸線","今出川",19.5,2,"1990年03月","南
",5,"ネット無料
南向き
大型バイク可
",4.4,5000,NA,"徒歩",13,0,0,0
"コーポ久世","603-8138","京都府京都市北区天寧寺門前町","京都市営烏丸線","鞍馬口",31.5,2,"1986年02月","西
",3,"駅近
温水洗浄便座
バイク駐輪可
",6,3000,NA,"徒歩",7,5,5,6
"プランドールSHINWA","602-8075","京都府京都市上京区下小川町185","京都市営烏丸線","今出川",23.4,2,"2013年03月","西
",4,"オール電化
独立洗面化粧台
浴室乾燥機
",6.7,6000,NA,"徒歩",13,5,10,5
"コスモハイツ河原町","602-0841","京都府京都市上京区梶井町","京阪本線","出町柳",22,1,"1996年08月","西
",5,"スーパー徒歩圏内
バス停徒歩圏内
1F管理会社
",5.1,2500,NA,"徒歩",6,0,5.1,5.8
"グレースヒサ","603-8152","京都府京都市北区小山町225-5","京都市営烏丸線","鞍馬口",19,2,"1988年08月","西
",3,"家賃リーズナブル
居室広々8帖
スーパーも徒歩圏内・お買物も便利
",3.8,3000,2000,"徒歩",4,0,5,3.8
"ハウスセゾン鞍馬口","603-8153","京都府京都市北区長乗東町199","京都市営烏丸線","鞍馬口",20.6,2,"1995年03月","東
",6,"生活便利な立地
スーパー徒歩2分
コンビニ徒歩4分
",5,5000,NA,"徒歩",5,5,5,5
"アクアレリスト今出川","602-8434","京都府京都市上京区西船橋町","京都市営烏丸線","今出川",34.3,2,"2009年02月","南、北
",11,"2人入居可
広々居室
新耐震基準マンション
",7.5,8000,NA,"徒歩",11,5,5,0
"GRAND　VALUE西陣","602-8413","京都府京都市上京区大北小路東町","京都市営烏丸線","今出川",18.2,2,"1984年02月","南
",5,"",3.7,3500,NA,"徒歩",13,0,0,0
"グリーンヒル鞍馬口","603-8139","京都府京都市北区上善寺門前町331","京都市営烏丸線","鞍馬口",27,2,"1992年03月","南
",4,"セパレート
敷金なし
2人入居可
",5.9,5000,NA,"徒歩",7,0,5,0
"スタジオエフ","603-8151","京都府京都市北区小山下総町","京都市営烏丸線","鞍馬口",27.8,2,"2018年03月","東
",3,"スーパーや100円均一も近いので、お買い物便利です
交通便利
充実設備
",6.7,4000,NA,"徒歩",4,6.7,13.4,6.7
"ドルフソレイユ鞍馬口","603-8154","京都府京都市北区長乗西町","京都市営烏丸線","鞍馬口",28.2,2,"2014年01月","南
",4,"築浅女子専用
ネット無料
防犯システム
",6.3,6000,NA,"徒歩",6,5,15,6.3
"レ・タン・ドゥ・ラ・メールCKⅤ","602-8435","京都府京都市上京区元伊佐町278-3","京都市営烏丸線","今出川",17.9,2,"1994年03月","南
",9,"洗濯機置場あり
大型コインランドリー
同志社大徒歩圏内
",4.6,5000,2000,"徒歩",12,0,4.6,0
"登翔館","606-0801","京都府京都市左京区下鴨宮河町","京都市営バス","新葵橋",17.6,2,"1978年08月","北、西、南
",5,"女子学生専用
モニター付インターフォン
家主近隣在住
",2.98,3000,NA,"徒歩",1,7,0,0
"sawarabi terrace","602-8215","京都府京都市上京区寺今町513","京都市営烏丸線","今出川",27.5,2,"2012年03月","東
",5,"セキュリティ充実
更新料ナシ
ダブルロックキー
",6.5,6000,NA,"徒歩",15,0,12,0
"sawarabi如水","602-8231","京都府京都市上京区如水町","京都市営烏丸線","今出川",19,2,"1900年01月","東
",4,"モニター付インターフォン
室内洗濯機置場
2口ガスコンロ持込可
",3.9,3000,NA,"徒歩",14,0,0,0
"SWISS京都堀川WEST","602-8058","京都府京都市上京区二町目","京都市営烏丸線","今出川",25.8,2,"2008年01月","西
",11,"ペット可
温水洗浄便座
独立洗面化粧台
",6.3,7000,NA,"徒歩",17,0,6.3,0
"SWISS京都堀川EAST","602-8058","京都府京都市上京区二町目","京都市営烏丸線","今出川",25,2,"2008年01月","南
",7,"ペット可
ネット無料
セパレート・独立洗面化粧台
",6.1,7000,NA,"徒歩",17,0,6.1,1
"丸共ビル","602-8442","京都府京都市上京区薬師町239","京都市営烏丸線","今出川",23,2,"1995年03月","東
",3,"広々8帖のお部屋
初期費用リーズナブル
最上階角部屋
",4.7,5000,NA,"徒歩",15,0,3,4.7
"ジョイフル紫野","602-0074","京都府京都市上京区下天神町","京都市営烏丸線","鞍馬口",19.5,2,"1992年03月","東
",11,"IHキッチン
大通り沿い
商店街徒歩圏内
",3.7,7000,NA,"徒歩",11,5,5,0
"セレッソ長者町","602-8055","京都府京都市上京区大黒屋町","京都市営烏丸線","丸太町",27.7,2,"2017年11月","東
",3,"浴室乾燥機
ゆとりの居室8帖以上
スーパー・コンビニ・病院徒歩圏内
",6.5,5000,NA,"徒歩",15,6.5,13,2
"グランドアベニュー","602-8442","京都府京都市上京区薬師町","京都市営烏丸線","今出川",24,2,"1995年07月","南
",3,"家賃リーズナブル
ネット無料
収納スペース豊富
",4.8,5000,NA,"徒歩",15,0,4.8,0
"グリーンヒル紫明","603-8149","京都府京都市北区小山南上総町14-1","京都市営烏丸線","鞍馬口",21.6,2,"1998年04月","南
",4,"全室南向き
敷金なし
コンビニ徒歩4分
",5.4,5000,NA,"徒歩",7,0,5.4,5.4
"シルクシティ花・紫明","603-8148","京都府京都市北区小山西花池町","京都市営烏丸線","鞍馬口",27.8,2,"2011年01月","東、南
",5,"交通便利
広々居室
オートロック
",6.5,5000,NA,"徒歩",7,5,6.5,6.5
"サイトウビル","602-8448","京都府京都市上京区元北小路町","京都市営烏丸線","今出川",16.5,2,"1986年03月","北、東
",9,"エレベーター
女子専用のコインランドリー
オール電化
",3.2,5000,NA,"徒歩",15,0,0,1.1
"VIOLA IWASA(ヴィオライワサ)","603-8149","京都府京都市北区小山南上総町70番地","京都市営烏丸線","鞍馬口",27.2,2,"2014年02月","南
",3,"セキュリティ充実
お部屋広々10帖
ネット無料
",6.7,4000,NA,"徒歩",6,6.7,13.4,0
"ヴィラ中立売","602-8237","京都府京都市上京区梨木町","京都市営烏丸線","今出川",22.2,2,"1996年03月","北、東
",6,"バス停徒歩4分
全室角部屋
家賃リーズナブル
",4.2,3000,NA,"徒歩",19,0,0,0
"コーポ町柳","606-8205","京都府京都市左京区田中上柳町10","京阪本線","出町柳",17.8,2,"1983年02月","南
",3,"南向き
駅近
生活便利
",3.4,5300,NA,"徒歩",5,0,0,3.4
"下鴨女子学生会館　テラッセ糺ノ森","606-0804","京都府京都市左京区下鴨松原町42-7","京都市営バス","糺ノ森",19.8,2,"1982年11月","南、東
",3,"水道料無料
セパレートあり
バス停徒歩1分
",4,5000,NA,"徒歩",1,5,5,4
"プティメゾン西陣","602-8407","京都府京都市上京区伊佐町239","京都市営烏丸線","今出川",15,2,"1980年08月","北
",3,"コインランドリー
礼金・敷金なし
",2.5,4000,NA,"徒歩",17,0,0,0
"グリーンヒル小山","603-8148","京都府京都市北区小山西花池町5-8","京都市営烏丸線","北大路",25,1,"2009年03月","東、南
",4,"ゆとりの居室
独立洗面化粧台
宅配BOX
",6.3,2500,NA,"徒歩",7,0,6.3,6.3
"KIマンション","603-8149","京都府京都市北区小山南上総町56-2","京都市営烏丸線","北大路",17,1,"1984年11月","北
",4,"駅近便利
ショッピングセンター徒歩圏内
洗濯機置場
",3.2,4000,2000,"徒歩",6,5,5,0
"A.t.s堀川","603-8158","京都府京都市北区紫野宮西町14番地4","京都市営バス","堀川鞍馬口",21.4,2,"2001年03月","東
",7,"セキュリティ充実
独立洗面化粧台
生活便利
",5.3,5000,NA,"徒歩",1,7,7,5.3
"ダイヤモンドパレス堀川","602-8056","京都府京都市上京区三町目13番地","京都市営烏丸線","丸太町",21.1,1,"1986年01月","西
",6,"堀川商店街すぐ徒歩圏内
コインランドリー
乾燥機もあり
",3.35,6000,NA,"徒歩",15,9,NA,3
"寺川ビル","603-8149","京都府京都市北区小山南上総町56番地","京都市営烏丸線","北大路",15,1,"2011年07月","東
",4,"駅徒歩圏内
生活便利
オシャレな居室
",4.35,5000,NA,"徒歩",3,0,5,1.1
"ヒューマンハイツ","602-8259","京都府京都市上京区常陸町432-23","京都市営烏丸線","今出川",22.8,2,"1990年04月","東
",4,"ネット無料
オートロック
セパレート
",4.5,3000,NA,"自転車",7,0,4.5,0
"フラッティ智恵光院","602-8446","京都府京都市上京区五辻町","京都市営バス","今出川浄福寺",22.6,2,"2017年02月","南
",4,"大型バイク駐車可！！
浴室乾燥機付き
インターネット無料
",6.1,6000,NA,"徒歩",3,0,12.2,6.1
"Luxe智恵光院","602-8408","京都府京都市上京区古美濃部町178-2","京都市営烏丸線","今出川",21.3,2,"2007年05月","西
",5,"ネット無料
温水洗浄便座
コンビニ徒歩3分
",5.5,6000,NA,"徒歩",19,5,5,5.5
"Y's　Ｆlats 西陣","602-8444","京都府京都市上京区西北小路町235","京都市営烏丸線","今出川",29.4,2,"2008年03月","南
",10,"原付き：500円／月・中・大型バイク：3千円／月
台所・洗面所・ユニットバスはＬＥＤ照明備付き
南向き
",6.2,6000,NA,"徒歩",17,6.2,9.3,6.2
"グランコスモ出町柳","606-8203","京都府京都市左京区田中関田町","京阪本線","出町柳",25,1,"2003年03月","南、北
",6,"コンビニ徒歩3分
交通便利
設備充実
",6.5,2500,NA,"徒歩",3,8,13,6.5
"プチシャトー１９","602-0091","京都府京都市上京区筋違橋町５６４－１","京都市営烏丸線","鞍馬口",26.6,2,"1989年10月","西
",4,"コンビニ徒歩1分
スーパー徒歩6分
2口コンロ持込可
",5.2,5000,NA,"徒歩",15,7,5.2,5.2
"賀茂女子学生会館","606-8203","京都府京都市左京区田中関田町","京阪本線","出町柳",19,1,"1984年03月","東
",5,"セキュリティ充実
女子専用
駅徒歩3分
",4.5,6000,NA,"徒歩",3,4.5,5,4.5
"プチロワイヤル","602-8113","京都府京都市上京区元福大明神町309","京都市営バス","堀川下立売",22,2,"1994年09月","西、東
",4,"商店街徒歩1分
スーパー徒歩5分
バス停徒歩1分
",3.95,NA,6000,"徒歩",1,2,NA,6
"生駒ハイツ","602-8481","京都府京都市上京区聖天町","京都市営烏丸線","今出川",15,1,"1981年03月","南
",4,"水道料・ネット代は共益費込
学生専用
コインランドリー無料
",3.1,5500,NA,"徒歩",19,5,5,0
"マーク西陣","602-8452","京都府京都市上京区元中之町493","京都市営烏丸線","今出川",17.2,2,"1988年01月","東
",4,"スーパー･コンビニ徒歩圏内
地下鉄今出川徒歩17分
鉄筋コンクリート造
",3.6,4000,NA,"徒歩",18,3.6,3.6,0
"ウエストポイント堀","602-8405","京都府京都市上京区大猪熊町51番地","京都市営バス",NA,NA,NA,NA,NA,NA,"セキュリティ充実
全室角部屋
中型・大型バイク駐輪無料
",5.5,5000,NA,NA,NA,0,5.5,NA
"第29長栄グランビュー下長者","602-8101","京都府京都市上京区東辰巳町","京都市営烏丸線","丸太町",20.1,2,"1991年04月","東
",5,"オートロック・エレベーター
ネット無料
お部屋は8.5帖と広々
",4.2,4000,NA,"自転車",8,0,4.2,4.2
"クラウンハイム京都北大路","603-8165","京都府京都市北区紫野西御所田町64","京都市営烏丸線","鞍馬口",25.4,2,"2002年02月","北西
",7,"地下鉄徒歩圏内
設備充実
きれいなお部屋
",5.6,5850,NA,"徒歩",14,5.6,5.6,0
"S-COURT","606-8205","京都府京都市左京区田中上柳町91","京阪本線","出町柳",31.7,4,"2017年09月","北西、南東
",4,"デザイナーズマンション
独立洗面化粧台
オートロック
",6.9,6000,NA,"徒歩",6,0,13.8,0
"サンカノン御所西","602-8038","京都府京都市上京区東魚屋町","京都市営烏丸線","丸太町",25,1,"2014年03月","南
",5,"地下鉄烏丸線「丸太町」駅徒歩圏内
京都第二赤十字病院すぐそば
京都府警まで徒歩圏内
",6.1,6000,NA,"徒歩",8,5,12,3.05
"グレース寿","602-8263","京都府京都市上京区須浜東町","京都市営烏丸線","今出川",17,2,"1996年08月","北、南
",4,"家賃リーズナブル
コンビニ・商店街徒歩圏内
生活便利
",3.4,4000,NA,"自転車",8,0,0,3.4
"CROSS北大路","603-8165","京都府京都市北区紫野西御所田町","京都市営烏丸線","北大路",28.1,2,"2016年02月","西
",5,"2口ガスキッチン
ネット無料
区役所徒歩圏内で便利
",6.6,6000,NA,"徒歩",9,5,15,3.3
"Solare鴨川","606-8307","京都府京都市左京区吉田上阿達町","京阪本線","神宮丸太町",30.2,2,"2005年01月","西
",5,"宅配BOX
IHキッチン2口
温水洗浄便座
",7.1,6000,NA,"徒歩",6,10,20,7.1
"プチ・パレ","602-8483","京都府京都市上京区杉若町670-3","京都市営烏丸線","今出川",23.8,2,"1994年10月","北
",3,"個別のランドリースペースあり
閑静な住宅街
",3.7,3500,NA,"自転車",7,0,0,0
"森マンションⅦ","606-8301","京都府京都市左京区吉田泉殿町56","京阪本線","出町柳",19,2,"1991年03月","南
",4,"コンビニ徒歩5分
IHキッチン
水道料共益費込
",3.85,4500,NA,"徒歩",5,5,0,3.85
"是空HORIKAWA","602-8043","京都府京都市上京区五町目","京都地下鉄東西線","二条城前",22.7,2,"2007年06月","東
",9,"スーパー徒歩2分
2人入居可
ペット飼育可
",6.8,7000,NA,"徒歩",13,0,6.8,6.8
"ロイヤル紫野","603-8224","京都府京都市北区紫野西藤ノ森町1-48","京都市営烏丸線","鞍馬口",18,2,"1991年05月","南
",4,"",3.7,3000,NA,"徒歩",19,0,0,0
"PINE館Ⅲ","606-8202","京都府京都市左京区田中大堰町","京阪本線","出町柳",27.8,2,"2009年03月","東
",4,"独立洗面化粧台
オートロック
温水洗浄便座
",6.2,6000,NA,"徒歩",5,10,12.4,6.2
"ドムス河原町","602-0862","京都府京都市上京区出水町275","京阪本線","神宮丸太町",19,2,"1990年04月","東
",5,"京阪神宮丸太町徒歩3分
更新料ナシ
オートロック
",4.3,6000,NA,"徒歩",7,2,0,0
"フラッティ千本上立売","602-8488","京都府京都市上京区真倉町","京都市営烏丸線","今出川",22.8,1,"2009年11月","東
",3,"ネット無料
2口ガスキッチン
宅配BOX
",5.6,6000,NA,"自転車",7,0,10,5.6
"グレース・マツモト","603-8143","京都府京都市北区小山上総町8丁目","京都市営烏丸線","北大路",18,2,"1998年01月","西
",6,"カードキー
モニター付インターフォン
エレベーター
",4.5,5500,NA,"徒歩",3,0,4.5,4.5
"グリーンヒル北大路","603-8161","京都府京都市北区小山北大野町","京都市営烏丸線","北大路",22.7,2,"1993年03月","東、
",4,"北大路ビブレ徒歩圏内
日当良好
大谷大徒歩圏内
",5,2500,NA,"徒歩",7,5,5,0
"レジデンス北大路","603-8162","京都府京都市北区小山東大野町","京都市営烏丸線","北大路",21,2,"1999年02月","北西
",4,"交通便利
オートロック
バス・トイレ別
",5.2,6000,NA,"徒歩",4,0,8,5.2
"アメージンググレイス","603-8161","京都府京都市北区小山北大野町","京都市営烏丸線","北大路",20.9,2,"1998年03月","北
",4,"オートロック
セパレート
室内洗濯機置場
",4.9,6000,NA,"徒歩",6,0,5,4.9
"コーポ・キタノ","606-0917","京都府京都市左京区松ケ崎堂ノ上町10丁目","京都市営烏丸線","松ヶ崎",25.2,2,"1993年03月","南
",2,"室内洗濯機置場あり
居室は広々8帖
大型バイク駐輪可
",4.8,3000,NA,"徒歩",8,5,5,0
"Sharia Kitayama","606-0965","京都府京都市左京区松ケ崎横縄手町","京都市営烏丸線","松ヶ崎",23,2,"2000年03月","南
",2,"広々居室
駅徒歩4分
閑静な住宅街
",4.9,4000,NA,"徒歩",4,9.8,9.8,0
"PINE館","606-0905","京都府京都市左京区松ケ崎杉ケ海道町","京都市営烏丸線","松ヶ崎",27.7,2,"2014年04月","南
",4,"独立洗面化粧台
室内洗濯機置場
モニター付インターフォン
",6.1,6000,NA,"徒歩",10,10,12.2,0
"グランツ62","606-0916","京都府京都市左京区松ケ崎三反長町","京都市営烏丸線","松ヶ崎",22,2,"2001年03月","西
",2,"工繊大生オススメ
温水洗浄便座
オール電化
",4.5,5000,NA,"徒歩",6,0,5,0
"ルミエール松ヶ崎","606-0961","京都府京都市左京区松ケ崎久土町","京都市営烏丸線","松ヶ崎",22.5,4,"1997年11月","西
",2,"室内洗濯機置場
モニター付インターフォン
駐輪場
",4.5,3000,NA,"徒歩",11,5,5,0
"ミッシングN.M","606-0952","京都府京都市左京区松ケ崎木ノ本町","京都市営烏丸線","松ヶ崎",23,2,"1992年11月","東
",3,"採光よし
光ネット
2口ガスコンロ持込可
",4.8,4000,NA,"徒歩",6,0,0,4.8
"ヴィラ・スモールパイン","606-0911","京都府京都市左京区松ケ崎泉川町","京都市営烏丸線","松ヶ崎",17,2,"1990年03月","東
",2,"2口ガスコンロ持込可
ユニットバス
エアコン
",3.7,3000,NA,"徒歩",8,6,2,0
"ピラーズ北山","606-0952","京都府京都市左京区松ケ崎木ノ本町","京都市営烏丸線","松ヶ崎",18.4,2,"1996年05月","北
",3,"セパレート
モニター付インターフォン
室内洗濯機置場
",4.5,4000,2000,"徒歩",8,5,0,0
"クレールヴィル六ノ坪","606-0915","京都府京都市左京区松ケ崎六ノ坪町","京都市営烏丸線","松ヶ崎",29.8,2,"2002年09月","南
",2,"室内洗濯機置場
モニター付インターフォン
広い居室
",5.1,3000,NA,"徒歩",4,5.1,0,5.1
"くらまだ荘","606-0956","京都府京都市左京区松ケ崎鞍馬田町","京都市営烏丸線","松ヶ崎",19.6,2,"1993年01月","東
",3,"セパレートタイプあり
モニター付インターフォン
オートロック
",4,NA,NA,"徒歩",8,0,4,0
"ふるーる北山","606-0914","京都府京都市左京区松ケ崎今海道町6丁目","京都市営バス","松ヶ崎今海道町",25.3,2,"1994年10月","南、北
",5,"駅徒歩1分
2面採光
京都工芸繊維大徒歩圏内
",4.9,5000,NA,"徒歩",4,0,5.9,4.9
"グランシャリオ北山","606-0914","京都府京都市左京区松ケ崎今海道町","京都市営烏丸線","松ヶ崎",25.7,2,"2005年01月","南
",5,"独立洗面化粧台
「松ヶ崎」駅徒歩2分
ローソン徒歩3分
",5.9,5500,NA,"徒歩",3,5.9,5.9,0
"ハイツノジマ","606-0856","京都府京都市左京区下鴨塚本町","京都市営烏丸線","松ヶ崎",20,2,"1989年03月","南
",2,"洗濯機置場
エアコン
駐輪場
",3.7,4500,NA,"徒歩",12,5,0,0
"新山荘","606-0967","京都府京都市左京区松ケ崎小竹薮町","叡山電鉄叡山本線","修学院",15,2,"1980年02月","南東
",3,"室内洗濯機置場
ガスコンロ持込可
エアコン
",3.1,3000,NA,"徒歩",10,5,0,0
"サンクシャンブル","606-0853","京都府京都市左京区下鴨岸本町23-1","京都市営烏丸線","松ヶ崎",20,2,"1985年09月","西
",2,"都市ガス
ユニットバス
駐輪場
",3.3,3000,NA,"徒歩",13,3.3,0,0
"フォスマット松ヶ崎","606-0944","京都府京都市左京区松ケ崎御所ノ内町","京都市営烏丸線","松ヶ崎",20.9,2,"1999年03月","北
",3,"室内洗濯機置場
ネット無料
オートロック
",4.8,5000,NA,"徒歩",10,7,5,0
"AIM北山","606-0955","京都府京都市左京区松ケ崎雲路町17丁目","京都市営烏丸線","松ヶ崎",25,2,"1996年04月","西
",4,"広々キッチン
買物便利
日当良好
",5.1,6000,NA,"徒歩",8,0,5.1,5.1
"アッツ下鴨","606-0864","京都府京都市左京区下鴨高木町27番地","京都市営烏丸線","松ヶ崎",25.6,2,"2016年03月","南
",4,"洗髪洗面化粧台
温水洗浄便座
2口コンロ
",6.2,5300,NA,"徒歩",13,7,13,3.1
"ドーレ","606-8105","京都府京都市左京区高野上竹屋町","叡山電鉄叡山本線","一乗寺",18,2,"1995年03月","南
",3,"クローゼット
エアコン
ユニットバス
",3.9,3000,NA,"徒歩",9,3.9,0,0
"シェモアⅡ","606-0864","京都府京都市左京区下鴨高木町","京都市営烏丸線","松ヶ崎",19.8,2,"1995年09月","南
",5,"オール電化
広々居室
生活便利
",4.5,5000,NA,"徒歩",14,5,0,0
"サンクスパレ高野","606-8104","京都府京都市左京区高野竹屋町","叡山電鉄叡山本線","一乗寺",26.4,2,"2015年03月","北西
",4,"広々としたクローゼット
独立洗面台付きです
浴室乾燥機付きで洗濯も快適
",5.9,5000,NA,"徒歩",9,5,0,5.9
"エルム松ヶ崎","606-0944","京都府京都市左京区松ケ崎御所ノ内町","京都市営烏丸線","松ヶ崎",27.5,2,"1993年04月","南
",2,"オートロック
収納豊富
買物便利
",5.1,5000,2200,"徒歩",12,3,5,5.1
"スズランハイツ","606-0865","京都府京都市左京区下鴨東高木町","叡山電鉄叡山本線","茶山",17.5,2,"1968年10月","西
",2,"ガスキッチン
エアコン
フローリング
",3.8,7000,NA,"徒歩",15,3.8,0,0
"ヴィラリモージュ","606-8185","京都府京都市左京区一乗寺高槻町","叡山電鉄叡山本線","一乗寺",17.5,2,"1983年03月","北西
",3,"最寄駅徒歩５分
インターネット無料
共用コインランドリーあり
",3.4,4000,NA,"徒歩",5,0,0,3.4
"MARRY HOUSE下鴨","606-0831","京都府京都市左京区下鴨北園町30-3","京都市営烏丸線","北山",28.8,2,"2011年08月","西
",2,"セパレート
独立洗面化粧台
2口ガスキッチン
",6.5,3000,NA,"徒歩",11,6,15,0
"フォレスト","606-8182","京都府京都市左京区一乗寺赤ノ宮町27","叡山電鉄叡山本線","一乗寺",21,2,"1989年09月","東
",4,"バス停徒歩1分
スーパー・コンビニ徒歩4分以内
ショッピングモール徒歩10分
",3.8,6000,NA,"徒歩",6,5,0,0
"パルデンス高野","606-8111","京都府京都市左京区高野泉町","叡山電鉄叡山本線","修学院",23,2,"2000年02月","西
",3,"オール電化
IHキッチン
室内洗濯機置場
",5,4000,NA,"徒歩",7,5,5,0
"Palazzo di Ratti","606-0942","京都府京都市左京区松ケ崎樋ノ上町２４","京都市営烏丸線","松ヶ崎",24.7,2,"2004年03月","南
",2,"セパレート
室内洗濯機置場
2口ガスキッチン
",5.7,5000,NA,"徒歩",14,5.7,10,0
"ドルス北山","606-0847","京都府京都市左京区下鴨南野々神町1丁目","京都市営烏丸線","北山",24.4,2,"2000年12月","南
",7,"室内洗濯機置場
システムキッチン
エアコン
",5.7,6000,NA,"徒歩",3,8,10,0
"メゾンジョアⅡ","606-0933","京都府京都市左京区松ケ崎西山","京都市営烏丸線","北山",23,2,"1986年03月","南
",3,"閑静な住宅外
バス・トイレ別
ネット無料
",3.7,5000,2000,"徒歩",8,2,0,0
"VILLA HEIKE","606-0851","京都府京都市左京区下鴨梅ノ木町4","京都市営烏丸線","北山",17,2,"1989年03月","東
",2,"2口ガスコンロ持込可
駐輪場（原付きまで）
フローリング
",3.5,3000,NA,"徒歩",15,6,0,0
"オークハイツ","606-8114","京都府京都市左京区一乗寺北大丸町","叡山電鉄叡山本線","一乗寺",48.3,2,"1992年10月","南
",3,"徒歩3分圏内にコンビニ多数
スーパーも近い
",7.4,6000,NA,"徒歩",4,0,0,7.4
"エスポワール近藤","606-0815","京都府京都市左京区下鴨膳部町","京都市営烏丸線","北大路",22.5,1,"1994年03月","東
",2,"オートロック
セパレート
IHキッチン
",5.3,NA,6000,"徒歩",18,5,NA,5
"エスポワール近藤","606-0815","京都府京都市左京区下鴨膳部町91丁目","市バス","洛北高校前",22.5,2,"1994年03月","東
",2,"セパレート
オートロック
IHキッチン
",5.3,6000,540,"徒歩",3,5,10,0
"コーポリッチ","606-8184","京都府京都市左京区一乗寺払殿町50-1","叡山電鉄叡山本線","一乗寺",14,2,"1985年03月","北、西
",3,"水道料無料
スーパー･コンビニ徒歩圏内
生活便利
",2.9,4000,NA,"徒歩",1,2,0,2.9
"グランレブリー一乗寺","606-8117","京都府京都市左京区一乗寺里ノ前町31","叡山電鉄叡山本線","一乗寺",27.1,2,"2007年03月","東
",5,"独立洗面化粧台
ゆとりのキッチン
温水洗浄便座
",5,6000,NA,"徒歩",1,0,0,5
"タックハウス下鴨８","606-0824","京都府京都市左京区下鴨東半木町8-2","京都市営烏丸線","北山",20,2,"1994年03月","南
",2,"室内洗濯機置場
温水洗浄便座
駐輪場（自転車のみ）
",4.6,4000,NA,"徒歩",12,0,0,0
"マ・メゾン","606-8117","京都府京都市左京区一乗寺里ノ前町5","叡山電鉄叡山本線","一乗寺",23.1,2,"1990年03月","南
",4,"セパレート
エレベータあり
スーパー・コンビニ徒歩3分以内
",4.6,4000,NA,"徒歩",1,5,5,4.6
"GATO D.M北山","606-0833","京都府京都市左京区下鴨前萩町","京都市営烏丸線","北山",22.7,2,"2000年11月","南、北
",7,"ローソン徒歩1分
「北山」駅徒歩1分
独立洗面化粧台
",5.6,6000,NA,"徒歩",1,5.6,5.6,1
"ミル・メゾンＴ２","606-0942","京都府京都市左京区松ケ崎樋ノ上町","叡山電鉄叡山本線","修学院",25.2,2,"2009年10月","南
",2,"室内洗濯機置場
モニター付インターフォン
オートロック
",5.3,5000,NA,"徒歩",7,0,0,0
"ヴェール一乗寺","606-8117","京都府京都市左京区一乗寺里ノ前町32","叡山電鉄叡山本線","一乗寺",22.5,2,"1996年03月","北
",4,"スーパー・コンビニ徒歩2分以内
温水洗浄便座
ネット無料
",5,5000,NA,"徒歩",1,5,5,5
"プロスペクト下鴨","606-0826","京都府京都市左京区下鴨西本町","京都市営烏丸線","北山",21.6,2,"2006年03月","北
",6,"防犯カメラ
温水洗浄便座
防犯ディンプルキー
",4.7,6000,NA,"徒歩",14,4.7,0,0
"インベスト京都修学院","606-8004","京都府京都市左京区山端川端町5丁目","叡山電鉄叡山本線","修学院",25.5,2,"2008年01月","西
",5,"独立洗面化粧台
宅配BOX
エレベーター
",5.7,7000,NA,"徒歩",2,5.7,5.7,0
"リバーロードタカノ","606-8187","京都府京都市左京区一乗寺大原田町","京都市営バス","高野",21,2,"1985年03月","南
",7,"日当良好
水道料無料
コンビニ徒歩3分
",5,8000,NA,"徒歩",5,5,1.5,10
"Ａフラット高野","606-8231","京都府京都市左京区田中上古川町20","叡山電鉄叡山本線","茶山",23.2,2,"1997年08月","南
",3,"セキュリティ充実
日当良好
オートロック
",5.9,3000,NA,"徒歩",3,5,5,0
"ロフティ松ヶ崎","606-0941","京都府京都市左京区松ケ崎河原田町","叡山電鉄叡山本線","修学院",37,2,"1990年04月","南
",2,"商店街徒歩6分
日当良好
ロフト8.5帖
",5.6,5000,NA,"徒歩",7,8,0,0
"ヴィヴァーチェ北山","603-8053","京都府京都市北区上賀茂岩ケ垣内町","京都市営烏丸線","北山",24.1,2,"1999年09月","西
",3,"オートロック
セパレート
温水洗浄便座
",5.4,6000,2100,"徒歩",4,5,0,5.4
"明治館にしき","606-8103","京都府京都市左京区高野西開町","叡山電鉄叡山本線","元田中",18,2,"1985年04月","西
",4,"ショッピングモール徒歩4分
共用ランドリー無料
IHキッチン
",3.9,NA,NA,"徒歩",10,0,0,3.9
"フォレスト北山","603-8053","京都府京都市北区上賀茂岩ケ垣内町","京都市営烏丸線","北山",25.7,2,"1998年01月","東
",3,"独立洗面化粧台
室内洗濯機置場
日当良好
",5.7,5000,NA,"徒歩",2,5,10,5.7
"セゾンドアオイ","606-0816","京都府京都市左京区下鴨松ノ木町","京都市営烏丸線","北大路",18,2,"1988年03月","南
",4,"広々キッチン
スーパー徒歩圏内
収納あり
",3.6,5000,NA,"徒歩",19,0,0,3.6
"カーサⅤ","606-8006","京都府京都市左京区山端橋ノ本町","叡山電鉄叡山本線","修学院",25.9,2,"2006年03月","北西
",4,"浴室乾燥機
室内洗濯機置場
オートロック
",5.2,3000,NA,"徒歩",3,5.2,0,0
"サンクレスト","606-0826","京都府京都市左京区下鴨西本町","京都市営烏丸線","北大路",18.1,2,"1991年03月","西
",6,"ロフト付き
室内洗濯機置場
オートロック
",4.4,6000,NA,"徒歩",12,0,0,4.4
"ISEYAHOUSEⅡ","606-0827","京都府京都市左京区下鴨西半木町29-9","京都市営烏丸線","北山",26.4,2,"1999年12月","東
",2,"室内洗濯機置場
モニター付インターフォン
2口ガスコンロ持込可
",5.8,3000,NA,"徒歩",12,5.8,5.8,0
"リバーサイド高野","606-8103","京都府京都市左京区高野西開町","京都バス","蓼倉橋",20.8,2,"1996年03月","東
",4,"コンビニ徒歩2分
ガスキッチン
「蓼倉橋」停徒歩2分
",4.9,7500,NA,"徒歩",2,7,10,0
"ハーバルガーデン","606-8005","京都府京都市左京区山端川岸町３０-２","叡山電鉄叡山本線","修学院",19,2,"1995年03月","西
",4,"バス・トイレ別
室内洗濯機置場
駐輪場（原付き可）
",4.4,4000,2000,"徒歩",4,8,0,0
"サンシティ共立","606-8172","京都府京都市左京区一乗寺河原田町","叡山電鉄叡山本線","茶山",21,2,"1985年05月","南
",4,"コンビニ徒歩4分
室内洗濯機置場
ドラッグストア3分
",3.8,5000,2000,"徒歩",5,5,0,4
"ティーズ・カサ北白川","606-8125","京都府京都市左京区一乗寺清水町","叡山電鉄叡山本線","修学院",25.4,2,"2007年09月","東
",6,"オートロック
インターネット無料
宅配BOX
",5.8,7000,NA,"徒歩",7,0,5.8,0
"ｓｔａｂｌｅ北山","603-8051","京都府京都市北区上賀茂榊田町","京都市営烏丸線","北山",22.7,2,"1999年11月","南、東
",3,"コンビニ徒歩1分
コンビニ徒歩圏内
日当良好
",5.4,5000,NA,"徒歩",5,0,0,0
"セントポール修学院","606-8081","京都府京都市左京区修学院大林町","叡山電鉄叡山本線","修学院",22,2,"1996年03月","西
",7,"オートロック
セパレート
モニター付インターフォン
",4.7,5000,NA,"徒歩",5,0,0,0
"セブンハイム","606-8116","京都府京都市左京区一乗寺宮ノ東町","叡山電鉄叡山本線","一乗寺",20,2,"1995年04月","南
",5,"コンビニ徒歩2分
ドラッグストア徒歩2分
IHキッチン
",4.2,6000,2000,"徒歩",5,0,0,4.2
"メゾンジョアPART1","606-0933","京都府京都市左京区松ケ崎西山","京都市営烏丸線","北山",17.7,2,"1986年01月","東
",3,"光ネット無料
オートロック
室内洗濯機置場
",2.9,5000,2000,"徒歩",13,2,0,0
"ハウスセゾン茶山","606-8232","京都府京都市左京区田中古川町30","京都市営バス","田中大久保町",24.8,2,"2003年04月","南、北
",6,"オートロック
大型スーパー徒歩8分
ゴミ毎日回収
",5.5,6000,NA,"徒歩",4,8,5,5.5
"コーポ山善","603-8051","京都府京都市北区上賀茂榊田町","京都市営烏丸線","北山",17.8,2,"1971年01月","西
",3,"2口ガスコンロ持込可
フローリング
駐輪場あり（原付きまで）
",3.7,6000,NA,"徒歩",7,0,0,0
"三宅ビル","606-0827","京都府京都市左京区下鴨西半木町３","京都市営烏丸線","北大路",22.6,2,"1997年03月","南
",6,"セパレート
オートロック
フローリング
",5.5,4000,2000,"徒歩",7,5,10,5.5
"フラッティ京大北","606-8232","京都府京都市左京区田中古川町34-2","京都市営バス","田中大久保町",22.3,2,"2010年06月","南、北
",4,"グリル付きガスキッチン2口
独立洗面化粧台
「茶山」駅徒歩2分
",5.6,6000,2000,"徒歩",4,0,10,5.6
"メゾンK-three","606-8232","京都府京都市左京区田中古川町","京都市営バス","田中大久保町",25.4,2,"2003年04月","南、東
",4,"オートロック
コンビニ徒歩4分
ゴミ毎日回収
",5.5,6000,2500,"徒歩",4,5.5,5.5,5.5
"メゾン・ラ・ココネ","606-8171","京都府京都市左京区一乗寺西水干町","叡山電鉄叡山本線","茶山",19.8,2,"1988年03月","東
",3,"水道料は共益費込
コンビニ徒歩2分
室内洗濯機置場
",3.5,3000,NA,"徒歩",3,5,0,0
"ハイツテル","606-8084","京都府京都市左京区修学院薬師堂町","叡山電鉄叡山本線","修学院",18,2,"1984年11月","西
",2,"エアコン
駐輪場
仕切り扉
",3.2,3000,NA,"徒歩",5,3.2,0,0
"エンゼルプラザ京都","606-8102","京都府京都市左京区高野清水町","京都市営バス","叡電元田中",27.1,2,"2005年03月","南西、北西、南東
",7,"独立洗面化粧台
温水洗浄便座
ショッピングモール徒歩9分
",5.3,6000,NA,"徒歩",4,7,7,0
"創染舎","606-8233","京都府京都市左京区田中北春菜町","叡山電鉄叡山本線","茶山",28,2,"2005年12月","南
",3,"コンビニ徒歩2分
独立洗面化粧台
ショッピングモール徒歩11分
",5.8,6000,NA,"徒歩",2,5.8,3,0
"アークリード洛北","606-8236","京都府京都市左京区田中大久保町","叡山電鉄叡山本線","茶山",21.8,2,"2016年01月","南
",4,"セキュリティ充実
宅配BOX
独立洗面化粧台
",6,6000,NA,"徒歩",3,0,10,0
"ロイヤルコーポタカハラ","606-8241","京都府京都市左京区田中西高原町","叡山電鉄叡山本線","茶山",17.2,4,"1981年02月","北
",5,"光ネット
家賃リーズナブル
落ち着いた環境
",3.2,2000,NA,"徒歩",3,5,0,3.2
"K’s北白川","606-8161","京都府京都市左京区一乗寺木ノ本町","叡山電鉄叡山本線","一乗寺",22.4,1,"1997年02月","南
",5,"コンビニ徒歩2分
室内洗濯機置場
セパレート
",4.8,5000,2000,"徒歩",10,5,5,0
"ミネ北山１","603-8051","京都府京都市北区上賀茂榊田町","京都市営烏丸線","北山",30.7,2,"1969年08月","南
",3,"2口ガスキッチン
室内洗濯機置場
セパレート
",5.8,5000,NA,"徒歩",9,5.8,5.8,5.8
"ヴィラ北白川","606-8242","京都府京都市左京区田中高原町","叡山電鉄叡山本線","茶山",29.1,2,"2015年03月","北
",4,"コンビニ徒歩２分！
室内洗濯機置場や独立洗面台など嬉しい設備♪
料理好きには嬉しいIH2口コンロ付システムキッチン、
",5.1,4000,NA,"徒歩",4,3,10,0
"リサイドS","606-8236","京都府京都市左京区田中大久保町55-1","叡山電鉄叡山本線","元田中",29.8,2,"1990年04月","南
",3,"セパレート
インターネット無料
最寄駅まで徒歩4分
",5.2,6000,NA,"徒歩",4,0,5.2,5.2
